generation_params,batch_size,learning_rate,optimizer,scheduler,criterion,epochs,split_ratios,num_branches,hidden_layer_sizes,activation_fn,output_activation_fn,performance
"{'datasetSize': 100000, 'numBranches': 1, 'lengthInterval': (0.8, 2.65), 'widthInterval': (0.35, 0.61), 'flipParams': (1.0, 0), 'dataRotationParams': (360.0, 2.0), 'modulusOfElasticity': 1000000000.0, 'poissonRatio': 0.33, 'yieldStrength': 5000000.0, 'numPerturbations': 2, 'perturbProbability': 0.5, 'widthPerturb': (0.05, 0.05), 'vectorPerturb': (25.0, 1.5), 'terminalPerturb': (0.05, 0.1), 'numDisplacements': 2, 'percentYieldStrength': (0.0, 0.35), 'displaceProbability': 1.0, 'meshSize': 0.075, 'order': 1, 'seed': 0}",256,0.01,adam,reduce_lr_on_plateau,mse,75,"(0.7, 0.15, 0.15)",1,"[128, 64, 32, 16]",ReLU,ReLU,0.9113844187418619
"{'datasetSize': 100000, 'numBranches': 1, 'lengthInterval': (0.8, 2.65), 'widthInterval': (0.35, 0.61), 'flipParams': (1.0, 0), 'dataRotationParams': (360.0, 2.0), 'modulusOfElasticity': 1000000000.0, 'poissonRatio': 0.33, 'yieldStrength': 5000000.0, 'numPerturbations': 2, 'perturbProbability': 0.5, 'widthPerturb': (0.05, 0.05), 'vectorPerturb': (25.0, 1.5), 'terminalPerturb': (0.05, 0.1), 'numDisplacements': 2, 'percentYieldStrength': (0.0, 0.35), 'displaceProbability': 1.0, 'meshSize': 0.075, 'order': 1, 'seed': 0}",256,0.01,adam,reduce_lr_on_plateau,mae,75,"(0.7, 0.15, 0.15)",1,"[128, 64, 32, 16]",ReLU,ReLU,70.9154748046875
"{'datasetSize': 100000, 'numBranches': 1, 'lengthInterval': (0.8, 2.65), 'widthInterval': (0.35, 0.61), 'flipParams': (1.0, 0), 'dataRotationParams': (360.0, 2.0), 'modulusOfElasticity': 1000000000.0, 'poissonRatio': 0.33, 'yieldStrength': 5000000.0, 'numPerturbations': 2, 'perturbProbability': 0.5, 'widthPerturb': (0.05, 0.05), 'vectorPerturb': (25.0, 1.5), 'terminalPerturb': (0.05, 0.1), 'numDisplacements': 2, 'percentYieldStrength': (0.0, 0.35), 'displaceProbability': 1.0, 'meshSize': 0.075, 'order': 1, 'seed': 0}",256,0.001,adam,reduce_lr_on_plateau,mse,75,"(0.7, 0.15, 0.15)",1,"[128, 64, 32, 16]",ReLU,ReLU,70.9154748046875
"{'datasetSize': 100000, 'numBranches': 1, 'lengthInterval': (0.8, 2.65), 'widthInterval': (0.35, 0.61), 'flipParams': (1.0, 0), 'dataRotationParams': (360.0, 2.0), 'modulusOfElasticity': 1000000000.0, 'poissonRatio': 0.33, 'yieldStrength': 5000000.0, 'numPerturbations': 2, 'perturbProbability': 0.5, 'widthPerturb': (0.05, 0.05), 'vectorPerturb': (25.0, 1.5), 'terminalPerturb': (0.05, 0.1), 'numDisplacements': 2, 'percentYieldStrength': (0.0, 0.35), 'displaceProbability': 1.0, 'meshSize': 0.075, 'order': 1, 'seed': 0}",256,0.001,adam,reduce_lr_on_plateau,mae,75,"(0.7, 0.15, 0.15)",1,"[128, 64, 32, 16]",ReLU,ReLU,0.8735570103963216
"{'datasetSize': 100000, 'numBranches': 1, 'lengthInterval': (0.8, 2.65), 'widthInterval': (0.35, 0.61), 'flipParams': (1.0, 0), 'dataRotationParams': (360.0, 2.0), 'modulusOfElasticity': 1000000000.0, 'poissonRatio': 0.33, 'yieldStrength': 5000000.0, 'numPerturbations': 2, 'perturbProbability': 0.5, 'widthPerturb': (0.05, 0.05), 'vectorPerturb': (25.0, 1.5), 'terminalPerturb': (0.05, 0.1), 'numDisplacements': 2, 'percentYieldStrength': (0.0, 0.35), 'displaceProbability': 1.0, 'meshSize': 0.075, 'order': 1, 'seed': 0}",256,0.0001,adam,reduce_lr_on_plateau,mse,75,"(0.7, 0.15, 0.15)",1,"[128, 64, 32, 16]",ReLU,ReLU,70.9154748046875
"{'datasetSize': 100000, 'numBranches': 1, 'lengthInterval': (0.8, 2.65), 'widthInterval': (0.35, 0.61), 'flipParams': (1.0, 0), 'dataRotationParams': (360.0, 2.0), 'modulusOfElasticity': 1000000000.0, 'poissonRatio': 0.33, 'yieldStrength': 5000000.0, 'numPerturbations': 2, 'perturbProbability': 0.5, 'widthPerturb': (0.05, 0.05), 'vectorPerturb': (25.0, 1.5), 'terminalPerturb': (0.05, 0.1), 'numDisplacements': 2, 'percentYieldStrength': (0.0, 0.35), 'displaceProbability': 1.0, 'meshSize': 0.075, 'order': 1, 'seed': 0}",256,0.0001,adam,reduce_lr_on_plateau,mae,75,"(0.7, 0.15, 0.15)",1,"[128, 64, 32, 16]",ReLU,ReLU,2.612173249308268
"{'datasetSize': 100000, 'numBranches': 1, 'lengthInterval': (0.8, 2.65), 'widthInterval': (0.35, 0.61), 'flipParams': (1.0, 0), 'dataRotationParams': (360.0, 2.0), 'modulusOfElasticity': 1000000000.0, 'poissonRatio': 0.33, 'yieldStrength': 5000000.0, 'numPerturbations': 2, 'perturbProbability': 0.5, 'widthPerturb': (0.05, 0.05), 'vectorPerturb': (25.0, 1.5), 'terminalPerturb': (0.05, 0.1), 'numDisplacements': 2, 'percentYieldStrength': (0.0, 0.35), 'displaceProbability': 1.0, 'meshSize': 0.075, 'order': 1, 'seed': 0}",256,0.01,adam,reduce_lr_on_plateau,mse,75,"(0.7, 0.15, 0.15)",1,"[128, 64, 32, 16]",ReLU,Softplus,0.7064631790161133
"{'datasetSize': 100000, 'numBranches': 1, 'lengthInterval': (0.8, 2.65), 'widthInterval': (0.35, 0.61), 'flipParams': (1.0, 0), 'dataRotationParams': (360.0, 2.0), 'modulusOfElasticity': 1000000000.0, 'poissonRatio': 0.33, 'yieldStrength': 5000000.0, 'numPerturbations': 2, 'perturbProbability': 0.5, 'widthPerturb': (0.05, 0.05), 'vectorPerturb': (25.0, 1.5), 'terminalPerturb': (0.05, 0.1), 'numDisplacements': 2, 'percentYieldStrength': (0.0, 0.35), 'displaceProbability': 1.0, 'meshSize': 0.075, 'order': 1, 'seed': 0}",256,0.01,adam,reduce_lr_on_plateau,mae,75,"(0.7, 0.15, 0.15)",1,"[128, 64, 32, 16]",ReLU,Softplus,0.6074831746419271
"{'datasetSize': 100000, 'numBranches': 1, 'lengthInterval': (0.8, 2.65), 'widthInterval': (0.35, 0.61), 'flipParams': (1.0, 0), 'dataRotationParams': (360.0, 2.0), 'modulusOfElasticity': 1000000000.0, 'poissonRatio': 0.33, 'yieldStrength': 5000000.0, 'numPerturbations': 2, 'perturbProbability': 0.5, 'widthPerturb': (0.05, 0.05), 'vectorPerturb': (25.0, 1.5), 'terminalPerturb': (0.05, 0.1), 'numDisplacements': 2, 'percentYieldStrength': (0.0, 0.35), 'displaceProbability': 1.0, 'meshSize': 0.075, 'order': 1, 'seed': 0}",256,0.001,adam,reduce_lr_on_plateau,mse,75,"(0.7, 0.15, 0.15)",1,"[128, 64, 32, 16]",ReLU,Softplus,0.8704146156311036
"{'datasetSize': 100000, 'numBranches': 1, 'lengthInterval': (0.8, 2.65), 'widthInterval': (0.35, 0.61), 'flipParams': (1.0, 0), 'dataRotationParams': (360.0, 2.0), 'modulusOfElasticity': 1000000000.0, 'poissonRatio': 0.33, 'yieldStrength': 5000000.0, 'numPerturbations': 2, 'perturbProbability': 0.5, 'widthPerturb': (0.05, 0.05), 'vectorPerturb': (25.0, 1.5), 'terminalPerturb': (0.05, 0.1), 'numDisplacements': 2, 'percentYieldStrength': (0.0, 0.35), 'displaceProbability': 1.0, 'meshSize': 0.075, 'order': 1, 'seed': 0}",256,0.001,adam,reduce_lr_on_plateau,mae,75,"(0.7, 0.15, 0.15)",1,"[128, 64, 32, 16]",ReLU,Softplus,0.6718770614624023
"{'datasetSize': 100000, 'numBranches': 1, 'lengthInterval': (0.8, 2.65), 'widthInterval': (0.35, 0.61), 'flipParams': (1.0, 0), 'dataRotationParams': (360.0, 2.0), 'modulusOfElasticity': 1000000000.0, 'poissonRatio': 0.33, 'yieldStrength': 5000000.0, 'numPerturbations': 2, 'perturbProbability': 0.5, 'widthPerturb': (0.05, 0.05), 'vectorPerturb': (25.0, 1.5), 'terminalPerturb': (0.05, 0.1), 'numDisplacements': 2, 'percentYieldStrength': (0.0, 0.35), 'displaceProbability': 1.0, 'meshSize': 0.075, 'order': 1, 'seed': 0}",256,0.0001,adam,reduce_lr_on_plateau,mse,75,"(0.7, 0.15, 0.15)",1,"[128, 64, 32, 16]",ReLU,Softplus,2.522176817830404
"{'datasetSize': 100000, 'numBranches': 1, 'lengthInterval': (0.8, 2.65), 'widthInterval': (0.35, 0.61), 'flipParams': (1.0, 0), 'dataRotationParams': (360.0, 2.0), 'modulusOfElasticity': 1000000000.0, 'poissonRatio': 0.33, 'yieldStrength': 5000000.0, 'numPerturbations': 2, 'perturbProbability': 0.5, 'widthPerturb': (0.05, 0.05), 'vectorPerturb': (25.0, 1.5), 'terminalPerturb': (0.05, 0.1), 'numDisplacements': 2, 'percentYieldStrength': (0.0, 0.35), 'displaceProbability': 1.0, 'meshSize': 0.075, 'order': 1, 'seed': 0}",256,0.0001,adam,reduce_lr_on_plateau,mae,75,"(0.7, 0.15, 0.15)",1,"[128, 64, 32, 16]",ReLU,Softplus,2.9462930704752606
"{'datasetSize': 100000, 'numBranches': 1, 'lengthInterval': (0.8, 2.65), 'widthInterval': (0.35, 0.61), 'flipParams': (1.0, 0), 'dataRotationParams': (360.0, 2.0), 'modulusOfElasticity': 1000000000.0, 'poissonRatio': 0.33, 'yieldStrength': 5000000.0, 'numPerturbations': 2, 'perturbProbability': 0.5, 'widthPerturb': (0.05, 0.05), 'vectorPerturb': (25.0, 1.5), 'terminalPerturb': (0.05, 0.1), 'numDisplacements': 2, 'percentYieldStrength': (0.0, 0.35), 'displaceProbability': 1.0, 'meshSize': 0.075, 'order': 1, 'seed': 0}",256,0.01,adam,reduce_lr_on_plateau,mse,75,"(0.7, 0.15, 0.15)",1,"[128, 64, 32, 16]",ReLU,Mish,0.6196681655883789
"{'datasetSize': 100000, 'numBranches': 1, 'lengthInterval': (0.8, 2.65), 'widthInterval': (0.35, 0.61), 'flipParams': (1.0, 0), 'dataRotationParams': (360.0, 2.0), 'modulusOfElasticity': 1000000000.0, 'poissonRatio': 0.33, 'yieldStrength': 5000000.0, 'numPerturbations': 2, 'perturbProbability': 0.5, 'widthPerturb': (0.05, 0.05), 'vectorPerturb': (25.0, 1.5), 'terminalPerturb': (0.05, 0.1), 'numDisplacements': 2, 'percentYieldStrength': (0.0, 0.35), 'displaceProbability': 1.0, 'meshSize': 0.075, 'order': 1, 'seed': 0}",256,0.01,adam,reduce_lr_on_plateau,mae,75,"(0.7, 0.15, 0.15)",1,"[128, 64, 32, 16]",ReLU,Mish,0.6580920272827149
"{'datasetSize': 100000, 'numBranches': 1, 'lengthInterval': (0.8, 2.65), 'widthInterval': (0.35, 0.61), 'flipParams': (1.0, 0), 'dataRotationParams': (360.0, 2.0), 'modulusOfElasticity': 1000000000.0, 'poissonRatio': 0.33, 'yieldStrength': 5000000.0, 'numPerturbations': 2, 'perturbProbability': 0.5, 'widthPerturb': (0.05, 0.05), 'vectorPerturb': (25.0, 1.5), 'terminalPerturb': (0.05, 0.1), 'numDisplacements': 2, 'percentYieldStrength': (0.0, 0.35), 'displaceProbability': 1.0, 'meshSize': 0.075, 'order': 1, 'seed': 0}",256,0.001,adam,reduce_lr_on_plateau,mse,75,"(0.7, 0.15, 0.15)",1,"[128, 64, 32, 16]",ReLU,Mish,0.8574379480997721
"{'datasetSize': 100000, 'numBranches': 1, 'lengthInterval': (0.8, 2.65), 'widthInterval': (0.35, 0.61), 'flipParams': (1.0, 0), 'dataRotationParams': (360.0, 2.0), 'modulusOfElasticity': 1000000000.0, 'poissonRatio': 0.33, 'yieldStrength': 5000000.0, 'numPerturbations': 2, 'perturbProbability': 0.5, 'widthPerturb': (0.05, 0.05), 'vectorPerturb': (25.0, 1.5), 'terminalPerturb': (0.05, 0.1), 'numDisplacements': 2, 'percentYieldStrength': (0.0, 0.35), 'displaceProbability': 1.0, 'meshSize': 0.075, 'order': 1, 'seed': 0}",256,0.001,adam,reduce_lr_on_plateau,mae,75,"(0.7, 0.15, 0.15)",1,"[128, 64, 32, 16]",ReLU,Mish,0.8982794776916504
"{'datasetSize': 100000, 'numBranches': 1, 'lengthInterval': (0.8, 2.65), 'widthInterval': (0.35, 0.61), 'flipParams': (1.0, 0), 'dataRotationParams': (360.0, 2.0), 'modulusOfElasticity': 1000000000.0, 'poissonRatio': 0.33, 'yieldStrength': 5000000.0, 'numPerturbations': 2, 'perturbProbability': 0.5, 'widthPerturb': (0.05, 0.05), 'vectorPerturb': (25.0, 1.5), 'terminalPerturb': (0.05, 0.1), 'numDisplacements': 2, 'percentYieldStrength': (0.0, 0.35), 'displaceProbability': 1.0, 'meshSize': 0.075, 'order': 1, 'seed': 0}",256,0.0001,adam,reduce_lr_on_plateau,mse,75,"(0.7, 0.15, 0.15)",1,"[128, 64, 32, 16]",ReLU,Mish,2.7013418365478516
"{'datasetSize': 100000, 'numBranches': 1, 'lengthInterval': (0.8, 2.65), 'widthInterval': (0.35, 0.61), 'flipParams': (1.0, 0), 'dataRotationParams': (360.0, 2.0), 'modulusOfElasticity': 1000000000.0, 'poissonRatio': 0.33, 'yieldStrength': 5000000.0, 'numPerturbations': 2, 'perturbProbability': 0.5, 'widthPerturb': (0.05, 0.05), 'vectorPerturb': (25.0, 1.5), 'terminalPerturb': (0.05, 0.1), 'numDisplacements': 2, 'percentYieldStrength': (0.0, 0.35), 'displaceProbability': 1.0, 'meshSize': 0.075, 'order': 1, 'seed': 0}",256,0.0001,adam,reduce_lr_on_plateau,mae,75,"(0.7, 0.15, 0.15)",1,"[128, 64, 32, 16]",ReLU,Mish,2.4576401306152342
"{'datasetSize': 100000, 'numBranches': 1, 'lengthInterval': (0.8, 2.65), 'widthInterval': (0.35, 0.61), 'flipParams': (1.0, 0), 'dataRotationParams': (360.0, 2.0), 'modulusOfElasticity': 1000000000.0, 'poissonRatio': 0.33, 'yieldStrength': 5000000.0, 'numPerturbations': 2, 'perturbProbability': 0.5, 'widthPerturb': (0.05, 0.05), 'vectorPerturb': (25.0, 1.5), 'terminalPerturb': (0.05, 0.1), 'numDisplacements': 2, 'percentYieldStrength': (0.0, 0.35), 'displaceProbability': 1.0, 'meshSize': 0.075, 'order': 1, 'seed': 0}",256,0.01,adam,reduce_lr_on_plateau,mse,75,"(0.7, 0.15, 0.15)",1,"[128, 64, 32, 16]",LeakyReLU,ReLU,0.6727731297810873
"{'datasetSize': 100000, 'numBranches': 1, 'lengthInterval': (0.8, 2.65), 'widthInterval': (0.35, 0.61), 'flipParams': (1.0, 0), 'dataRotationParams': (360.0, 2.0), 'modulusOfElasticity': 1000000000.0, 'poissonRatio': 0.33, 'yieldStrength': 5000000.0, 'numPerturbations': 2, 'perturbProbability': 0.5, 'widthPerturb': (0.05, 0.05), 'vectorPerturb': (25.0, 1.5), 'terminalPerturb': (0.05, 0.1), 'numDisplacements': 2, 'percentYieldStrength': (0.0, 0.35), 'displaceProbability': 1.0, 'meshSize': 0.075, 'order': 1, 'seed': 0}",256,0.01,adam,reduce_lr_on_plateau,mae,75,"(0.7, 0.15, 0.15)",1,"[128, 64, 32, 16]",LeakyReLU,ReLU,70.9154748046875
"{'datasetSize': 100000, 'numBranches': 1, 'lengthInterval': (0.8, 2.65), 'widthInterval': (0.35, 0.61), 'flipParams': (1.0, 0), 'dataRotationParams': (360.0, 2.0), 'modulusOfElasticity': 1000000000.0, 'poissonRatio': 0.33, 'yieldStrength': 5000000.0, 'numPerturbations': 2, 'perturbProbability': 0.5, 'widthPerturb': (0.05, 0.05), 'vectorPerturb': (25.0, 1.5), 'terminalPerturb': (0.05, 0.1), 'numDisplacements': 2, 'percentYieldStrength': (0.0, 0.35), 'displaceProbability': 1.0, 'meshSize': 0.075, 'order': 1, 'seed': 0}",256,0.001,adam,reduce_lr_on_plateau,mse,75,"(0.7, 0.15, 0.15)",1,"[128, 64, 32, 16]",LeakyReLU,ReLU,1.0308780258178711
"{'datasetSize': 100000, 'numBranches': 1, 'lengthInterval': (0.8, 2.65), 'widthInterval': (0.35, 0.61), 'flipParams': (1.0, 0), 'dataRotationParams': (360.0, 2.0), 'modulusOfElasticity': 1000000000.0, 'poissonRatio': 0.33, 'yieldStrength': 5000000.0, 'numPerturbations': 2, 'perturbProbability': 0.5, 'widthPerturb': (0.05, 0.05), 'vectorPerturb': (25.0, 1.5), 'terminalPerturb': (0.05, 0.1), 'numDisplacements': 2, 'percentYieldStrength': (0.0, 0.35), 'displaceProbability': 1.0, 'meshSize': 0.075, 'order': 1, 'seed': 0}",256,0.001,adam,reduce_lr_on_plateau,mae,75,"(0.7, 0.15, 0.15)",1,"[128, 64, 32, 16]",LeakyReLU,ReLU,0.9043358647664388
"{'datasetSize': 100000, 'numBranches': 1, 'lengthInterval': (0.8, 2.65), 'widthInterval': (0.35, 0.61), 'flipParams': (1.0, 0), 'dataRotationParams': (360.0, 2.0), 'modulusOfElasticity': 1000000000.0, 'poissonRatio': 0.33, 'yieldStrength': 5000000.0, 'numPerturbations': 2, 'perturbProbability': 0.5, 'widthPerturb': (0.05, 0.05), 'vectorPerturb': (25.0, 1.5), 'terminalPerturb': (0.05, 0.1), 'numDisplacements': 2, 'percentYieldStrength': (0.0, 0.35), 'displaceProbability': 1.0, 'meshSize': 0.075, 'order': 1, 'seed': 0}",256,0.0001,adam,reduce_lr_on_plateau,mse,75,"(0.7, 0.15, 0.15)",1,"[128, 64, 32, 16]",LeakyReLU,ReLU,2.9564459818522137
"{'datasetSize': 100000, 'numBranches': 1, 'lengthInterval': (0.8, 2.65), 'widthInterval': (0.35, 0.61), 'flipParams': (1.0, 0), 'dataRotationParams': (360.0, 2.0), 'modulusOfElasticity': 1000000000.0, 'poissonRatio': 0.33, 'yieldStrength': 5000000.0, 'numPerturbations': 2, 'perturbProbability': 0.5, 'widthPerturb': (0.05, 0.05), 'vectorPerturb': (25.0, 1.5), 'terminalPerturb': (0.05, 0.1), 'numDisplacements': 2, 'percentYieldStrength': (0.0, 0.35), 'displaceProbability': 1.0, 'meshSize': 0.075, 'order': 1, 'seed': 0}",256,0.0001,adam,reduce_lr_on_plateau,mae,75,"(0.7, 0.15, 0.15)",1,"[128, 64, 32, 16]",LeakyReLU,ReLU,70.9154748046875
"{'datasetSize': 100000, 'numBranches': 1, 'lengthInterval': (0.8, 2.65), 'widthInterval': (0.35, 0.61), 'flipParams': (1.0, 0), 'dataRotationParams': (360.0, 2.0), 'modulusOfElasticity': 1000000000.0, 'poissonRatio': 0.33, 'yieldStrength': 5000000.0, 'numPerturbations': 2, 'perturbProbability': 0.5, 'widthPerturb': (0.05, 0.05), 'vectorPerturb': (25.0, 1.5), 'terminalPerturb': (0.05, 0.1), 'numDisplacements': 2, 'percentYieldStrength': (0.0, 0.35), 'displaceProbability': 1.0, 'meshSize': 0.075, 'order': 1, 'seed': 0}",256,0.01,adam,reduce_lr_on_plateau,mse,75,"(0.7, 0.15, 0.15)",1,"[128, 64, 32, 16]",LeakyReLU,Softplus,0.7068028208414714
"{'datasetSize': 100000, 'numBranches': 1, 'lengthInterval': (0.8, 2.65), 'widthInterval': (0.35, 0.61), 'flipParams': (1.0, 0), 'dataRotationParams': (360.0, 2.0), 'modulusOfElasticity': 1000000000.0, 'poissonRatio': 0.33, 'yieldStrength': 5000000.0, 'numPerturbations': 2, 'perturbProbability': 0.5, 'widthPerturb': (0.05, 0.05), 'vectorPerturb': (25.0, 1.5), 'terminalPerturb': (0.05, 0.1), 'numDisplacements': 2, 'percentYieldStrength': (0.0, 0.35), 'displaceProbability': 1.0, 'meshSize': 0.075, 'order': 1, 'seed': 0}",256,0.01,adam,reduce_lr_on_plateau,mae,75,"(0.7, 0.15, 0.15)",1,"[128, 64, 32, 16]",LeakyReLU,Softplus,0.5240334894816081
"{'datasetSize': 100000, 'numBranches': 1, 'lengthInterval': (0.8, 2.65), 'widthInterval': (0.35, 0.61), 'flipParams': (1.0, 0), 'dataRotationParams': (360.0, 2.0), 'modulusOfElasticity': 1000000000.0, 'poissonRatio': 0.33, 'yieldStrength': 5000000.0, 'numPerturbations': 2, 'perturbProbability': 0.5, 'widthPerturb': (0.05, 0.05), 'vectorPerturb': (25.0, 1.5), 'terminalPerturb': (0.05, 0.1), 'numDisplacements': 2, 'percentYieldStrength': (0.0, 0.35), 'displaceProbability': 1.0, 'meshSize': 0.075, 'order': 1, 'seed': 0}",256,0.001,adam,reduce_lr_on_plateau,mse,75,"(0.7, 0.15, 0.15)",1,"[128, 64, 32, 16]",LeakyReLU,Softplus,1.2095079956054688
"{'datasetSize': 100000, 'numBranches': 1, 'lengthInterval': (0.8, 2.65), 'widthInterval': (0.35, 0.61), 'flipParams': (1.0, 0), 'dataRotationParams': (360.0, 2.0), 'modulusOfElasticity': 1000000000.0, 'poissonRatio': 0.33, 'yieldStrength': 5000000.0, 'numPerturbations': 2, 'perturbProbability': 0.5, 'widthPerturb': (0.05, 0.05), 'vectorPerturb': (25.0, 1.5), 'terminalPerturb': (0.05, 0.1), 'numDisplacements': 2, 'percentYieldStrength': (0.0, 0.35), 'displaceProbability': 1.0, 'meshSize': 0.075, 'order': 1, 'seed': 0}",256,0.001,adam,reduce_lr_on_plateau,mae,75,"(0.7, 0.15, 0.15)",1,"[128, 64, 32, 16]",LeakyReLU,Softplus,1.2459634348551432
"{'datasetSize': 100000, 'numBranches': 1, 'lengthInterval': (0.8, 2.65), 'widthInterval': (0.35, 0.61), 'flipParams': (1.0, 0), 'dataRotationParams': (360.0, 2.0), 'modulusOfElasticity': 1000000000.0, 'poissonRatio': 0.33, 'yieldStrength': 5000000.0, 'numPerturbations': 2, 'perturbProbability': 0.5, 'widthPerturb': (0.05, 0.05), 'vectorPerturb': (25.0, 1.5), 'terminalPerturb': (0.05, 0.1), 'numDisplacements': 2, 'percentYieldStrength': (0.0, 0.35), 'displaceProbability': 1.0, 'meshSize': 0.075, 'order': 1, 'seed': 0}",256,0.0001,adam,reduce_lr_on_plateau,mse,75,"(0.7, 0.15, 0.15)",1,"[128, 64, 32, 16]",LeakyReLU,Softplus,3.0445844543457032
"{'datasetSize': 100000, 'numBranches': 1, 'lengthInterval': (0.8, 2.65), 'widthInterval': (0.35, 0.61), 'flipParams': (1.0, 0), 'dataRotationParams': (360.0, 2.0), 'modulusOfElasticity': 1000000000.0, 'poissonRatio': 0.33, 'yieldStrength': 5000000.0, 'numPerturbations': 2, 'perturbProbability': 0.5, 'widthPerturb': (0.05, 0.05), 'vectorPerturb': (25.0, 1.5), 'terminalPerturb': (0.05, 0.1), 'numDisplacements': 2, 'percentYieldStrength': (0.0, 0.35), 'displaceProbability': 1.0, 'meshSize': 0.075, 'order': 1, 'seed': 0}",256,0.0001,adam,reduce_lr_on_plateau,mae,75,"(0.7, 0.15, 0.15)",1,"[128, 64, 32, 16]",LeakyReLU,Softplus,3.2879875681559243
"{'datasetSize': 100000, 'numBranches': 1, 'lengthInterval': (0.8, 2.65), 'widthInterval': (0.35, 0.61), 'flipParams': (1.0, 0), 'dataRotationParams': (360.0, 2.0), 'modulusOfElasticity': 1000000000.0, 'poissonRatio': 0.33, 'yieldStrength': 5000000.0, 'numPerturbations': 2, 'perturbProbability': 0.5, 'widthPerturb': (0.05, 0.05), 'vectorPerturb': (25.0, 1.5), 'terminalPerturb': (0.05, 0.1), 'numDisplacements': 2, 'percentYieldStrength': (0.0, 0.35), 'displaceProbability': 1.0, 'meshSize': 0.075, 'order': 1, 'seed': 0}",256,0.01,adam,reduce_lr_on_plateau,mse,75,"(0.7, 0.15, 0.15)",1,"[128, 64, 32, 16]",LeakyReLU,Mish,0.6193050931294759
"{'datasetSize': 100000, 'numBranches': 1, 'lengthInterval': (0.8, 2.65), 'widthInterval': (0.35, 0.61), 'flipParams': (1.0, 0), 'dataRotationParams': (360.0, 2.0), 'modulusOfElasticity': 1000000000.0, 'poissonRatio': 0.33, 'yieldStrength': 5000000.0, 'numPerturbations': 2, 'perturbProbability': 0.5, 'widthPerturb': (0.05, 0.05), 'vectorPerturb': (25.0, 1.5), 'terminalPerturb': (0.05, 0.1), 'numDisplacements': 2, 'percentYieldStrength': (0.0, 0.35), 'displaceProbability': 1.0, 'meshSize': 0.075, 'order': 1, 'seed': 0}",256,0.01,adam,reduce_lr_on_plateau,mae,75,"(0.7, 0.15, 0.15)",1,"[128, 64, 32, 16]",LeakyReLU,Mish,0.7034583564758301
"{'datasetSize': 100000, 'numBranches': 1, 'lengthInterval': (0.8, 2.65), 'widthInterval': (0.35, 0.61), 'flipParams': (1.0, 0), 'dataRotationParams': (360.0, 2.0), 'modulusOfElasticity': 1000000000.0, 'poissonRatio': 0.33, 'yieldStrength': 5000000.0, 'numPerturbations': 2, 'perturbProbability': 0.5, 'widthPerturb': (0.05, 0.05), 'vectorPerturb': (25.0, 1.5), 'terminalPerturb': (0.05, 0.1), 'numDisplacements': 2, 'percentYieldStrength': (0.0, 0.35), 'displaceProbability': 1.0, 'meshSize': 0.075, 'order': 1, 'seed': 0}",256,0.001,adam,reduce_lr_on_plateau,mse,75,"(0.7, 0.15, 0.15)",1,"[128, 64, 32, 16]",LeakyReLU,Mish,1.2356312311808269
"{'datasetSize': 100000, 'numBranches': 1, 'lengthInterval': (0.8, 2.65), 'widthInterval': (0.35, 0.61), 'flipParams': (1.0, 0), 'dataRotationParams': (360.0, 2.0), 'modulusOfElasticity': 1000000000.0, 'poissonRatio': 0.33, 'yieldStrength': 5000000.0, 'numPerturbations': 2, 'perturbProbability': 0.5, 'widthPerturb': (0.05, 0.05), 'vectorPerturb': (25.0, 1.5), 'terminalPerturb': (0.05, 0.1), 'numDisplacements': 2, 'percentYieldStrength': (0.0, 0.35), 'displaceProbability': 1.0, 'meshSize': 0.075, 'order': 1, 'seed': 0}",256,0.001,adam,reduce_lr_on_plateau,mae,75,"(0.7, 0.15, 0.15)",1,"[128, 64, 32, 16]",LeakyReLU,Mish,0.8541196379343668
"{'datasetSize': 100000, 'numBranches': 1, 'lengthInterval': (0.8, 2.65), 'widthInterval': (0.35, 0.61), 'flipParams': (1.0, 0), 'dataRotationParams': (360.0, 2.0), 'modulusOfElasticity': 1000000000.0, 'poissonRatio': 0.33, 'yieldStrength': 5000000.0, 'numPerturbations': 2, 'perturbProbability': 0.5, 'widthPerturb': (0.05, 0.05), 'vectorPerturb': (25.0, 1.5), 'terminalPerturb': (0.05, 0.1), 'numDisplacements': 2, 'percentYieldStrength': (0.0, 0.35), 'displaceProbability': 1.0, 'meshSize': 0.075, 'order': 1, 'seed': 0}",256,0.0001,adam,reduce_lr_on_plateau,mse,75,"(0.7, 0.15, 0.15)",1,"[128, 64, 32, 16]",LeakyReLU,Mish,3.060029455566406
"{'datasetSize': 100000, 'numBranches': 1, 'lengthInterval': (0.8, 2.65), 'widthInterval': (0.35, 0.61), 'flipParams': (1.0, 0), 'dataRotationParams': (360.0, 2.0), 'modulusOfElasticity': 1000000000.0, 'poissonRatio': 0.33, 'yieldStrength': 5000000.0, 'numPerturbations': 2, 'perturbProbability': 0.5, 'widthPerturb': (0.05, 0.05), 'vectorPerturb': (25.0, 1.5), 'terminalPerturb': (0.05, 0.1), 'numDisplacements': 2, 'percentYieldStrength': (0.0, 0.35), 'displaceProbability': 1.0, 'meshSize': 0.075, 'order': 1, 'seed': 0}",256,0.0001,adam,reduce_lr_on_plateau,mae,75,"(0.7, 0.15, 0.15)",1,"[128, 64, 32, 16]",LeakyReLU,Mish,3.0112431783040363
"{'datasetSize': 100000, 'numBranches': 1, 'lengthInterval': (0.8, 2.65), 'widthInterval': (0.35, 0.61), 'flipParams': (1.0, 0), 'dataRotationParams': (360.0, 2.0), 'modulusOfElasticity': 1000000000.0, 'poissonRatio': 0.33, 'yieldStrength': 5000000.0, 'numPerturbations': 2, 'perturbProbability': 0.5, 'widthPerturb': (0.05, 0.05), 'vectorPerturb': (25.0, 1.5), 'terminalPerturb': (0.05, 0.1), 'numDisplacements': 2, 'percentYieldStrength': (0.0, 0.35), 'displaceProbability': 1.0, 'meshSize': 0.075, 'order': 1, 'seed': 0}",256,0.01,adam,reduce_lr_on_plateau,mse,75,"(0.7, 0.15, 0.15)",1,"[64, 32, 16]",ReLU,ReLU,1.2153522872924805
"{'datasetSize': 100000, 'numBranches': 1, 'lengthInterval': (0.8, 2.65), 'widthInterval': (0.35, 0.61), 'flipParams': (1.0, 0), 'dataRotationParams': (360.0, 2.0), 'modulusOfElasticity': 1000000000.0, 'poissonRatio': 0.33, 'yieldStrength': 5000000.0, 'numPerturbations': 2, 'perturbProbability': 0.5, 'widthPerturb': (0.05, 0.05), 'vectorPerturb': (25.0, 1.5), 'terminalPerturb': (0.05, 0.1), 'numDisplacements': 2, 'percentYieldStrength': (0.0, 0.35), 'displaceProbability': 1.0, 'meshSize': 0.075, 'order': 1, 'seed': 0}",256,0.01,adam,reduce_lr_on_plateau,mae,75,"(0.7, 0.15, 0.15)",1,"[64, 32, 16]",ReLU,ReLU,70.9154748046875
"{'datasetSize': 100000, 'numBranches': 1, 'lengthInterval': (0.8, 2.65), 'widthInterval': (0.35, 0.61), 'flipParams': (1.0, 0), 'dataRotationParams': (360.0, 2.0), 'modulusOfElasticity': 1000000000.0, 'poissonRatio': 0.33, 'yieldStrength': 5000000.0, 'numPerturbations': 2, 'perturbProbability': 0.5, 'widthPerturb': (0.05, 0.05), 'vectorPerturb': (25.0, 1.5), 'terminalPerturb': (0.05, 0.1), 'numDisplacements': 2, 'percentYieldStrength': (0.0, 0.35), 'displaceProbability': 1.0, 'meshSize': 0.075, 'order': 1, 'seed': 0}",256,0.001,adam,reduce_lr_on_plateau,mse,75,"(0.7, 0.15, 0.15)",1,"[64, 32, 16]",ReLU,ReLU,70.9154748046875
"{'datasetSize': 100000, 'numBranches': 1, 'lengthInterval': (0.8, 2.65), 'widthInterval': (0.35, 0.61), 'flipParams': (1.0, 0), 'dataRotationParams': (360.0, 2.0), 'modulusOfElasticity': 1000000000.0, 'poissonRatio': 0.33, 'yieldStrength': 5000000.0, 'numPerturbations': 2, 'perturbProbability': 0.5, 'widthPerturb': (0.05, 0.05), 'vectorPerturb': (25.0, 1.5), 'terminalPerturb': (0.05, 0.1), 'numDisplacements': 2, 'percentYieldStrength': (0.0, 0.35), 'displaceProbability': 1.0, 'meshSize': 0.075, 'order': 1, 'seed': 0}",256,0.001,adam,reduce_lr_on_plateau,mae,75,"(0.7, 0.15, 0.15)",1,"[64, 32, 16]",ReLU,ReLU,70.9154748046875
"{'datasetSize': 100000, 'numBranches': 1, 'lengthInterval': (0.8, 2.65), 'widthInterval': (0.35, 0.61), 'flipParams': (1.0, 0), 'dataRotationParams': (360.0, 2.0), 'modulusOfElasticity': 1000000000.0, 'poissonRatio': 0.33, 'yieldStrength': 5000000.0, 'numPerturbations': 2, 'perturbProbability': 0.5, 'widthPerturb': (0.05, 0.05), 'vectorPerturb': (25.0, 1.5), 'terminalPerturb': (0.05, 0.1), 'numDisplacements': 2, 'percentYieldStrength': (0.0, 0.35), 'displaceProbability': 1.0, 'meshSize': 0.075, 'order': 1, 'seed': 0}",256,0.0001,adam,reduce_lr_on_plateau,mse,75,"(0.7, 0.15, 0.15)",1,"[64, 32, 16]",ReLU,ReLU,4.53694746500651
"{'datasetSize': 100000, 'numBranches': 1, 'lengthInterval': (0.8, 2.65), 'widthInterval': (0.35, 0.61), 'flipParams': (1.0, 0), 'dataRotationParams': (360.0, 2.0), 'modulusOfElasticity': 1000000000.0, 'poissonRatio': 0.33, 'yieldStrength': 5000000.0, 'numPerturbations': 2, 'perturbProbability': 0.5, 'widthPerturb': (0.05, 0.05), 'vectorPerturb': (25.0, 1.5), 'terminalPerturb': (0.05, 0.1), 'numDisplacements': 2, 'percentYieldStrength': (0.0, 0.35), 'displaceProbability': 1.0, 'meshSize': 0.075, 'order': 1, 'seed': 0}",256,0.0001,adam,reduce_lr_on_plateau,mae,75,"(0.7, 0.15, 0.15)",1,"[64, 32, 16]",ReLU,ReLU,4.247428322347005
"{'datasetSize': 100000, 'numBranches': 1, 'lengthInterval': (0.8, 2.65), 'widthInterval': (0.35, 0.61), 'flipParams': (1.0, 0), 'dataRotationParams': (360.0, 2.0), 'modulusOfElasticity': 1000000000.0, 'poissonRatio': 0.33, 'yieldStrength': 5000000.0, 'numPerturbations': 2, 'perturbProbability': 0.5, 'widthPerturb': (0.05, 0.05), 'vectorPerturb': (25.0, 1.5), 'terminalPerturb': (0.05, 0.1), 'numDisplacements': 2, 'percentYieldStrength': (0.0, 0.35), 'displaceProbability': 1.0, 'meshSize': 0.075, 'order': 1, 'seed': 0}",256,0.01,adam,reduce_lr_on_plateau,mse,75,"(0.7, 0.15, 0.15)",1,"[64, 32, 16]",ReLU,Softplus,0.8217890635172526
"{'datasetSize': 100000, 'numBranches': 1, 'lengthInterval': (0.8, 2.65), 'widthInterval': (0.35, 0.61), 'flipParams': (1.0, 0), 'dataRotationParams': (360.0, 2.0), 'modulusOfElasticity': 1000000000.0, 'poissonRatio': 0.33, 'yieldStrength': 5000000.0, 'numPerturbations': 2, 'perturbProbability': 0.5, 'widthPerturb': (0.05, 0.05), 'vectorPerturb': (25.0, 1.5), 'terminalPerturb': (0.05, 0.1), 'numDisplacements': 2, 'percentYieldStrength': (0.0, 0.35), 'displaceProbability': 1.0, 'meshSize': 0.075, 'order': 1, 'seed': 0}",256,0.01,adam,reduce_lr_on_plateau,mae,75,"(0.7, 0.15, 0.15)",1,"[64, 32, 16]",ReLU,Softplus,0.8045521784464518
"{'datasetSize': 100000, 'numBranches': 1, 'lengthInterval': (0.8, 2.65), 'widthInterval': (0.35, 0.61), 'flipParams': (1.0, 0), 'dataRotationParams': (360.0, 2.0), 'modulusOfElasticity': 1000000000.0, 'poissonRatio': 0.33, 'yieldStrength': 5000000.0, 'numPerturbations': 2, 'perturbProbability': 0.5, 'widthPerturb': (0.05, 0.05), 'vectorPerturb': (25.0, 1.5), 'terminalPerturb': (0.05, 0.1), 'numDisplacements': 2, 'percentYieldStrength': (0.0, 0.35), 'displaceProbability': 1.0, 'meshSize': 0.075, 'order': 1, 'seed': 0}",256,0.001,adam,reduce_lr_on_plateau,mse,75,"(0.7, 0.15, 0.15)",1,"[64, 32, 16]",ReLU,Softplus,1.450670096842448
"{'datasetSize': 100000, 'numBranches': 1, 'lengthInterval': (0.8, 2.65), 'widthInterval': (0.35, 0.61), 'flipParams': (1.0, 0), 'dataRotationParams': (360.0, 2.0), 'modulusOfElasticity': 1000000000.0, 'poissonRatio': 0.33, 'yieldStrength': 5000000.0, 'numPerturbations': 2, 'perturbProbability': 0.5, 'widthPerturb': (0.05, 0.05), 'vectorPerturb': (25.0, 1.5), 'terminalPerturb': (0.05, 0.1), 'numDisplacements': 2, 'percentYieldStrength': (0.0, 0.35), 'displaceProbability': 1.0, 'meshSize': 0.075, 'order': 1, 'seed': 0}",256,0.001,adam,reduce_lr_on_plateau,mae,75,"(0.7, 0.15, 0.15)",1,"[64, 32, 16]",ReLU,Softplus,1.4483975402832032
"{'datasetSize': 100000, 'numBranches': 1, 'lengthInterval': (0.8, 2.65), 'widthInterval': (0.35, 0.61), 'flipParams': (1.0, 0), 'dataRotationParams': (360.0, 2.0), 'modulusOfElasticity': 1000000000.0, 'poissonRatio': 0.33, 'yieldStrength': 5000000.0, 'numPerturbations': 2, 'perturbProbability': 0.5, 'widthPerturb': (0.05, 0.05), 'vectorPerturb': (25.0, 1.5), 'terminalPerturb': (0.05, 0.1), 'numDisplacements': 2, 'percentYieldStrength': (0.0, 0.35), 'displaceProbability': 1.0, 'meshSize': 0.075, 'order': 1, 'seed': 0}",256,0.0001,adam,reduce_lr_on_plateau,mse,75,"(0.7, 0.15, 0.15)",1,"[64, 32, 16]",ReLU,Softplus,4.435171254475912
"{'datasetSize': 100000, 'numBranches': 1, 'lengthInterval': (0.8, 2.65), 'widthInterval': (0.35, 0.61), 'flipParams': (1.0, 0), 'dataRotationParams': (360.0, 2.0), 'modulusOfElasticity': 1000000000.0, 'poissonRatio': 0.33, 'yieldStrength': 5000000.0, 'numPerturbations': 2, 'perturbProbability': 0.5, 'widthPerturb': (0.05, 0.05), 'vectorPerturb': (25.0, 1.5), 'terminalPerturb': (0.05, 0.1), 'numDisplacements': 2, 'percentYieldStrength': (0.0, 0.35), 'displaceProbability': 1.0, 'meshSize': 0.075, 'order': 1, 'seed': 0}",256,0.0001,adam,reduce_lr_on_plateau,mae,75,"(0.7, 0.15, 0.15)",1,"[64, 32, 16]",ReLU,Softplus,4.513674175008138
"{'datasetSize': 100000, 'numBranches': 1, 'lengthInterval': (0.8, 2.65), 'widthInterval': (0.35, 0.61), 'flipParams': (1.0, 0), 'dataRotationParams': (360.0, 2.0), 'modulusOfElasticity': 1000000000.0, 'poissonRatio': 0.33, 'yieldStrength': 5000000.0, 'numPerturbations': 2, 'perturbProbability': 0.5, 'widthPerturb': (0.05, 0.05), 'vectorPerturb': (25.0, 1.5), 'terminalPerturb': (0.05, 0.1), 'numDisplacements': 2, 'percentYieldStrength': (0.0, 0.35), 'displaceProbability': 1.0, 'meshSize': 0.075, 'order': 1, 'seed': 0}",256,0.01,adam,reduce_lr_on_plateau,mse,75,"(0.7, 0.15, 0.15)",1,"[64, 32, 16]",ReLU,Mish,1.093519548034668
"{'datasetSize': 100000, 'numBranches': 1, 'lengthInterval': (0.8, 2.65), 'widthInterval': (0.35, 0.61), 'flipParams': (1.0, 0), 'dataRotationParams': (360.0, 2.0), 'modulusOfElasticity': 1000000000.0, 'poissonRatio': 0.33, 'yieldStrength': 5000000.0, 'numPerturbations': 2, 'perturbProbability': 0.5, 'widthPerturb': (0.05, 0.05), 'vectorPerturb': (25.0, 1.5), 'terminalPerturb': (0.05, 0.1), 'numDisplacements': 2, 'percentYieldStrength': (0.0, 0.35), 'displaceProbability': 1.0, 'meshSize': 0.075, 'order': 1, 'seed': 0}",256,0.01,adam,reduce_lr_on_plateau,mae,75,"(0.7, 0.15, 0.15)",1,"[64, 32, 16]",ReLU,Mish,0.7216096829732259
"{'datasetSize': 100000, 'numBranches': 1, 'lengthInterval': (0.8, 2.65), 'widthInterval': (0.35, 0.61), 'flipParams': (1.0, 0), 'dataRotationParams': (360.0, 2.0), 'modulusOfElasticity': 1000000000.0, 'poissonRatio': 0.33, 'yieldStrength': 5000000.0, 'numPerturbations': 2, 'perturbProbability': 0.5, 'widthPerturb': (0.05, 0.05), 'vectorPerturb': (25.0, 1.5), 'terminalPerturb': (0.05, 0.1), 'numDisplacements': 2, 'percentYieldStrength': (0.0, 0.35), 'displaceProbability': 1.0, 'meshSize': 0.075, 'order': 1, 'seed': 0}",256,0.001,adam,reduce_lr_on_plateau,mse,75,"(0.7, 0.15, 0.15)",1,"[64, 32, 16]",ReLU,Mish,1.6119406046549478
"{'datasetSize': 100000, 'numBranches': 1, 'lengthInterval': (0.8, 2.65), 'widthInterval': (0.35, 0.61), 'flipParams': (1.0, 0), 'dataRotationParams': (360.0, 2.0), 'modulusOfElasticity': 1000000000.0, 'poissonRatio': 0.33, 'yieldStrength': 5000000.0, 'numPerturbations': 2, 'perturbProbability': 0.5, 'widthPerturb': (0.05, 0.05), 'vectorPerturb': (25.0, 1.5), 'terminalPerturb': (0.05, 0.1), 'numDisplacements': 2, 'percentYieldStrength': (0.0, 0.35), 'displaceProbability': 1.0, 'meshSize': 0.075, 'order': 1, 'seed': 0}",256,0.001,adam,reduce_lr_on_plateau,mae,75,"(0.7, 0.15, 0.15)",1,"[64, 32, 16]",ReLU,Mish,1.319293110148112
"{'datasetSize': 100000, 'numBranches': 1, 'lengthInterval': (0.8, 2.65), 'widthInterval': (0.35, 0.61), 'flipParams': (1.0, 0), 'dataRotationParams': (360.0, 2.0), 'modulusOfElasticity': 1000000000.0, 'poissonRatio': 0.33, 'yieldStrength': 5000000.0, 'numPerturbations': 2, 'perturbProbability': 0.5, 'widthPerturb': (0.05, 0.05), 'vectorPerturb': (25.0, 1.5), 'terminalPerturb': (0.05, 0.1), 'numDisplacements': 2, 'percentYieldStrength': (0.0, 0.35), 'displaceProbability': 1.0, 'meshSize': 0.075, 'order': 1, 'seed': 0}",256,0.0001,adam,reduce_lr_on_plateau,mse,75,"(0.7, 0.15, 0.15)",1,"[64, 32, 16]",ReLU,Mish,4.595668579101562
"{'datasetSize': 100000, 'numBranches': 1, 'lengthInterval': (0.8, 2.65), 'widthInterval': (0.35, 0.61), 'flipParams': (1.0, 0), 'dataRotationParams': (360.0, 2.0), 'modulusOfElasticity': 1000000000.0, 'poissonRatio': 0.33, 'yieldStrength': 5000000.0, 'numPerturbations': 2, 'perturbProbability': 0.5, 'widthPerturb': (0.05, 0.05), 'vectorPerturb': (25.0, 1.5), 'terminalPerturb': (0.05, 0.1), 'numDisplacements': 2, 'percentYieldStrength': (0.0, 0.35), 'displaceProbability': 1.0, 'meshSize': 0.075, 'order': 1, 'seed': 0}",256,0.0001,adam,reduce_lr_on_plateau,mae,75,"(0.7, 0.15, 0.15)",1,"[64, 32, 16]",ReLU,Mish,5.225812155151367
"{'datasetSize': 100000, 'numBranches': 1, 'lengthInterval': (0.8, 2.65), 'widthInterval': (0.35, 0.61), 'flipParams': (1.0, 0), 'dataRotationParams': (360.0, 2.0), 'modulusOfElasticity': 1000000000.0, 'poissonRatio': 0.33, 'yieldStrength': 5000000.0, 'numPerturbations': 2, 'perturbProbability': 0.5, 'widthPerturb': (0.05, 0.05), 'vectorPerturb': (25.0, 1.5), 'terminalPerturb': (0.05, 0.1), 'numDisplacements': 2, 'percentYieldStrength': (0.0, 0.35), 'displaceProbability': 1.0, 'meshSize': 0.075, 'order': 1, 'seed': 0}",256,0.01,adam,reduce_lr_on_plateau,mse,75,"(0.7, 0.15, 0.15)",1,"[64, 32, 16]",LeakyReLU,ReLU,70.9154748046875
"{'datasetSize': 100000, 'numBranches': 1, 'lengthInterval': (0.8, 2.65), 'widthInterval': (0.35, 0.61), 'flipParams': (1.0, 0), 'dataRotationParams': (360.0, 2.0), 'modulusOfElasticity': 1000000000.0, 'poissonRatio': 0.33, 'yieldStrength': 5000000.0, 'numPerturbations': 2, 'perturbProbability': 0.5, 'widthPerturb': (0.05, 0.05), 'vectorPerturb': (25.0, 1.5), 'terminalPerturb': (0.05, 0.1), 'numDisplacements': 2, 'percentYieldStrength': (0.0, 0.35), 'displaceProbability': 1.0, 'meshSize': 0.075, 'order': 1, 'seed': 0}",256,0.01,adam,reduce_lr_on_plateau,mae,75,"(0.7, 0.15, 0.15)",1,"[64, 32, 16]",LeakyReLU,ReLU,70.9154748046875
"{'datasetSize': 100000, 'numBranches': 1, 'lengthInterval': (0.8, 2.65), 'widthInterval': (0.35, 0.61), 'flipParams': (1.0, 0), 'dataRotationParams': (360.0, 2.0), 'modulusOfElasticity': 1000000000.0, 'poissonRatio': 0.33, 'yieldStrength': 5000000.0, 'numPerturbations': 2, 'perturbProbability': 0.5, 'widthPerturb': (0.05, 0.05), 'vectorPerturb': (25.0, 1.5), 'terminalPerturb': (0.05, 0.1), 'numDisplacements': 2, 'percentYieldStrength': (0.0, 0.35), 'displaceProbability': 1.0, 'meshSize': 0.075, 'order': 1, 'seed': 0}",256,0.001,adam,reduce_lr_on_plateau,mse,75,"(0.7, 0.15, 0.15)",1,"[64, 32, 16]",LeakyReLU,ReLU,1.760014375813802
"{'datasetSize': 100000, 'numBranches': 1, 'lengthInterval': (0.8, 2.65), 'widthInterval': (0.35, 0.61), 'flipParams': (1.0, 0), 'dataRotationParams': (360.0, 2.0), 'modulusOfElasticity': 1000000000.0, 'poissonRatio': 0.33, 'yieldStrength': 5000000.0, 'numPerturbations': 2, 'perturbProbability': 0.5, 'widthPerturb': (0.05, 0.05), 'vectorPerturb': (25.0, 1.5), 'terminalPerturb': (0.05, 0.1), 'numDisplacements': 2, 'percentYieldStrength': (0.0, 0.35), 'displaceProbability': 1.0, 'meshSize': 0.075, 'order': 1, 'seed': 0}",256,0.001,adam,reduce_lr_on_plateau,mae,75,"(0.7, 0.15, 0.15)",1,"[64, 32, 16]",LeakyReLU,ReLU,1.393060982767741
"{'datasetSize': 100000, 'numBranches': 1, 'lengthInterval': (0.8, 2.65), 'widthInterval': (0.35, 0.61), 'flipParams': (1.0, 0), 'dataRotationParams': (360.0, 2.0), 'modulusOfElasticity': 1000000000.0, 'poissonRatio': 0.33, 'yieldStrength': 5000000.0, 'numPerturbations': 2, 'perturbProbability': 0.5, 'widthPerturb': (0.05, 0.05), 'vectorPerturb': (25.0, 1.5), 'terminalPerturb': (0.05, 0.1), 'numDisplacements': 2, 'percentYieldStrength': (0.0, 0.35), 'displaceProbability': 1.0, 'meshSize': 0.075, 'order': 1, 'seed': 0}",256,0.0001,adam,reduce_lr_on_plateau,mse,75,"(0.7, 0.15, 0.15)",1,"[64, 32, 16]",LeakyReLU,ReLU,5.086090962727865
"{'datasetSize': 100000, 'numBranches': 1, 'lengthInterval': (0.8, 2.65), 'widthInterval': (0.35, 0.61), 'flipParams': (1.0, 0), 'dataRotationParams': (360.0, 2.0), 'modulusOfElasticity': 1000000000.0, 'poissonRatio': 0.33, 'yieldStrength': 5000000.0, 'numPerturbations': 2, 'perturbProbability': 0.5, 'widthPerturb': (0.05, 0.05), 'vectorPerturb': (25.0, 1.5), 'terminalPerturb': (0.05, 0.1), 'numDisplacements': 2, 'percentYieldStrength': (0.0, 0.35), 'displaceProbability': 1.0, 'meshSize': 0.075, 'order': 1, 'seed': 0}",256,0.0001,adam,reduce_lr_on_plateau,mae,75,"(0.7, 0.15, 0.15)",1,"[64, 32, 16]",LeakyReLU,ReLU,5.182093780517578
"{'datasetSize': 100000, 'numBranches': 1, 'lengthInterval': (0.8, 2.65), 'widthInterval': (0.35, 0.61), 'flipParams': (1.0, 0), 'dataRotationParams': (360.0, 2.0), 'modulusOfElasticity': 1000000000.0, 'poissonRatio': 0.33, 'yieldStrength': 5000000.0, 'numPerturbations': 2, 'perturbProbability': 0.5, 'widthPerturb': (0.05, 0.05), 'vectorPerturb': (25.0, 1.5), 'terminalPerturb': (0.05, 0.1), 'numDisplacements': 2, 'percentYieldStrength': (0.0, 0.35), 'displaceProbability': 1.0, 'meshSize': 0.075, 'order': 1, 'seed': 0}",256,0.01,adam,reduce_lr_on_plateau,mse,75,"(0.7, 0.15, 0.15)",1,"[64, 32, 16]",LeakyReLU,Softplus,1.013314980061849
"{'datasetSize': 100000, 'numBranches': 1, 'lengthInterval': (0.8, 2.65), 'widthInterval': (0.35, 0.61), 'flipParams': (1.0, 0), 'dataRotationParams': (360.0, 2.0), 'modulusOfElasticity': 1000000000.0, 'poissonRatio': 0.33, 'yieldStrength': 5000000.0, 'numPerturbations': 2, 'perturbProbability': 0.5, 'widthPerturb': (0.05, 0.05), 'vectorPerturb': (25.0, 1.5), 'terminalPerturb': (0.05, 0.1), 'numDisplacements': 2, 'percentYieldStrength': (0.0, 0.35), 'displaceProbability': 1.0, 'meshSize': 0.075, 'order': 1, 'seed': 0}",256,0.01,adam,reduce_lr_on_plateau,mae,75,"(0.7, 0.15, 0.15)",1,"[64, 32, 16]",LeakyReLU,Softplus,0.8630206822713216
"{'datasetSize': 100000, 'numBranches': 1, 'lengthInterval': (0.8, 2.65), 'widthInterval': (0.35, 0.61), 'flipParams': (1.0, 0), 'dataRotationParams': (360.0, 2.0), 'modulusOfElasticity': 1000000000.0, 'poissonRatio': 0.33, 'yieldStrength': 5000000.0, 'numPerturbations': 2, 'perturbProbability': 0.5, 'widthPerturb': (0.05, 0.05), 'vectorPerturb': (25.0, 1.5), 'terminalPerturb': (0.05, 0.1), 'numDisplacements': 2, 'percentYieldStrength': (0.0, 0.35), 'displaceProbability': 1.0, 'meshSize': 0.075, 'order': 1, 'seed': 0}",256,0.001,adam,reduce_lr_on_plateau,mse,75,"(0.7, 0.15, 0.15)",1,"[64, 32, 16]",LeakyReLU,Softplus,2.356142866007487
"{'datasetSize': 100000, 'numBranches': 1, 'lengthInterval': (0.8, 2.65), 'widthInterval': (0.35, 0.61), 'flipParams': (1.0, 0), 'dataRotationParams': (360.0, 2.0), 'modulusOfElasticity': 1000000000.0, 'poissonRatio': 0.33, 'yieldStrength': 5000000.0, 'numPerturbations': 2, 'perturbProbability': 0.5, 'widthPerturb': (0.05, 0.05), 'vectorPerturb': (25.0, 1.5), 'terminalPerturb': (0.05, 0.1), 'numDisplacements': 2, 'percentYieldStrength': (0.0, 0.35), 'displaceProbability': 1.0, 'meshSize': 0.075, 'order': 1, 'seed': 0}",256,0.001,adam,reduce_lr_on_plateau,mae,75,"(0.7, 0.15, 0.15)",1,"[64, 32, 16]",LeakyReLU,Softplus,1.8205635309855144
"{'datasetSize': 100000, 'numBranches': 1, 'lengthInterval': (0.8, 2.65), 'widthInterval': (0.35, 0.61), 'flipParams': (1.0, 0), 'dataRotationParams': (360.0, 2.0), 'modulusOfElasticity': 1000000000.0, 'poissonRatio': 0.33, 'yieldStrength': 5000000.0, 'numPerturbations': 2, 'perturbProbability': 0.5, 'widthPerturb': (0.05, 0.05), 'vectorPerturb': (25.0, 1.5), 'terminalPerturb': (0.05, 0.1), 'numDisplacements': 2, 'percentYieldStrength': (0.0, 0.35), 'displaceProbability': 1.0, 'meshSize': 0.075, 'order': 1, 'seed': 0}",256,0.0001,adam,reduce_lr_on_plateau,mse,75,"(0.7, 0.15, 0.15)",1,"[64, 32, 16]",LeakyReLU,Softplus,5.663011214192708
"{'datasetSize': 100000, 'numBranches': 1, 'lengthInterval': (0.8, 2.65), 'widthInterval': (0.35, 0.61), 'flipParams': (1.0, 0), 'dataRotationParams': (360.0, 2.0), 'modulusOfElasticity': 1000000000.0, 'poissonRatio': 0.33, 'yieldStrength': 5000000.0, 'numPerturbations': 2, 'perturbProbability': 0.5, 'widthPerturb': (0.05, 0.05), 'vectorPerturb': (25.0, 1.5), 'terminalPerturb': (0.05, 0.1), 'numDisplacements': 2, 'percentYieldStrength': (0.0, 0.35), 'displaceProbability': 1.0, 'meshSize': 0.075, 'order': 1, 'seed': 0}",256,0.0001,adam,reduce_lr_on_plateau,mae,75,"(0.7, 0.15, 0.15)",1,"[64, 32, 16]",LeakyReLU,Softplus,5.548181427001953
"{'datasetSize': 100000, 'numBranches': 1, 'lengthInterval': (0.8, 2.65), 'widthInterval': (0.35, 0.61), 'flipParams': (1.0, 0), 'dataRotationParams': (360.0, 2.0), 'modulusOfElasticity': 1000000000.0, 'poissonRatio': 0.33, 'yieldStrength': 5000000.0, 'numPerturbations': 2, 'perturbProbability': 0.5, 'widthPerturb': (0.05, 0.05), 'vectorPerturb': (25.0, 1.5), 'terminalPerturb': (0.05, 0.1), 'numDisplacements': 2, 'percentYieldStrength': (0.0, 0.35), 'displaceProbability': 1.0, 'meshSize': 0.075, 'order': 1, 'seed': 0}",256,0.01,adam,reduce_lr_on_plateau,mse,75,"(0.7, 0.15, 0.15)",1,"[64, 32, 16]",LeakyReLU,Mish,0.9854535664876302
"{'datasetSize': 100000, 'numBranches': 1, 'lengthInterval': (0.8, 2.65), 'widthInterval': (0.35, 0.61), 'flipParams': (1.0, 0), 'dataRotationParams': (360.0, 2.0), 'modulusOfElasticity': 1000000000.0, 'poissonRatio': 0.33, 'yieldStrength': 5000000.0, 'numPerturbations': 2, 'perturbProbability': 0.5, 'widthPerturb': (0.05, 0.05), 'vectorPerturb': (25.0, 1.5), 'terminalPerturb': (0.05, 0.1), 'numDisplacements': 2, 'percentYieldStrength': (0.0, 0.35), 'displaceProbability': 1.0, 'meshSize': 0.075, 'order': 1, 'seed': 0}",256,0.01,adam,reduce_lr_on_plateau,mae,75,"(0.7, 0.15, 0.15)",1,"[64, 32, 16]",LeakyReLU,Mish,0.9228404495239257
"{'datasetSize': 100000, 'numBranches': 1, 'lengthInterval': (0.8, 2.65), 'widthInterval': (0.35, 0.61), 'flipParams': (1.0, 0), 'dataRotationParams': (360.0, 2.0), 'modulusOfElasticity': 1000000000.0, 'poissonRatio': 0.33, 'yieldStrength': 5000000.0, 'numPerturbations': 2, 'perturbProbability': 0.5, 'widthPerturb': (0.05, 0.05), 'vectorPerturb': (25.0, 1.5), 'terminalPerturb': (0.05, 0.1), 'numDisplacements': 2, 'percentYieldStrength': (0.0, 0.35), 'displaceProbability': 1.0, 'meshSize': 0.075, 'order': 1, 'seed': 0}",256,0.001,adam,reduce_lr_on_plateau,mse,75,"(0.7, 0.15, 0.15)",1,"[64, 32, 16]",LeakyReLU,Mish,1.6477362182617188
"{'datasetSize': 100000, 'numBranches': 1, 'lengthInterval': (0.8, 2.65), 'widthInterval': (0.35, 0.61), 'flipParams': (1.0, 0), 'dataRotationParams': (360.0, 2.0), 'modulusOfElasticity': 1000000000.0, 'poissonRatio': 0.33, 'yieldStrength': 5000000.0, 'numPerturbations': 2, 'perturbProbability': 0.5, 'widthPerturb': (0.05, 0.05), 'vectorPerturb': (25.0, 1.5), 'terminalPerturb': (0.05, 0.1), 'numDisplacements': 2, 'percentYieldStrength': (0.0, 0.35), 'displaceProbability': 1.0, 'meshSize': 0.075, 'order': 1, 'seed': 0}",256,0.001,adam,reduce_lr_on_plateau,mae,75,"(0.7, 0.15, 0.15)",1,"[64, 32, 16]",LeakyReLU,Mish,1.9146303822835287
"{'datasetSize': 100000, 'numBranches': 1, 'lengthInterval': (0.8, 2.65), 'widthInterval': (0.35, 0.61), 'flipParams': (1.0, 0), 'dataRotationParams': (360.0, 2.0), 'modulusOfElasticity': 1000000000.0, 'poissonRatio': 0.33, 'yieldStrength': 5000000.0, 'numPerturbations': 2, 'perturbProbability': 0.5, 'widthPerturb': (0.05, 0.05), 'vectorPerturb': (25.0, 1.5), 'terminalPerturb': (0.05, 0.1), 'numDisplacements': 2, 'percentYieldStrength': (0.0, 0.35), 'displaceProbability': 1.0, 'meshSize': 0.075, 'order': 1, 'seed': 0}",256,0.0001,adam,reduce_lr_on_plateau,mse,75,"(0.7, 0.15, 0.15)",1,"[64, 32, 16]",LeakyReLU,Mish,6.032137679036459
"{'datasetSize': 100000, 'numBranches': 1, 'lengthInterval': (0.8, 2.65), 'widthInterval': (0.35, 0.61), 'flipParams': (1.0, 0), 'dataRotationParams': (360.0, 2.0), 'modulusOfElasticity': 1000000000.0, 'poissonRatio': 0.33, 'yieldStrength': 5000000.0, 'numPerturbations': 2, 'perturbProbability': 0.5, 'widthPerturb': (0.05, 0.05), 'vectorPerturb': (25.0, 1.5), 'terminalPerturb': (0.05, 0.1), 'numDisplacements': 2, 'percentYieldStrength': (0.0, 0.35), 'displaceProbability': 1.0, 'meshSize': 0.075, 'order': 1, 'seed': 0}",256,0.0001,adam,reduce_lr_on_plateau,mae,75,"(0.7, 0.15, 0.15)",1,"[64, 32, 16]",LeakyReLU,Mish,5.142830700683594
"{'datasetSize': 100000, 'numBranches': 1, 'lengthInterval': (0.8, 2.65), 'widthInterval': (0.35, 0.61), 'flipParams': (1.0, 0), 'dataRotationParams': (360.0, 2.0), 'modulusOfElasticity': 1000000000.0, 'poissonRatio': 0.33, 'yieldStrength': 5000000.0, 'numPerturbations': 2, 'perturbProbability': 0.5, 'widthPerturb': (0.05, 0.05), 'vectorPerturb': (25.0, 1.5), 'terminalPerturb': (0.05, 0.1), 'numDisplacements': 2, 'percentYieldStrength': (0.0, 0.35), 'displaceProbability': 1.0, 'meshSize': 0.075, 'order': 1, 'seed': 0}",256,0.01,adam,reduce_lr_on_plateau,mse,75,"(0.7, 0.15, 0.15)",1,"[256, 128]",ReLU,ReLU,0.5035011227925619
"{'datasetSize': 100000, 'numBranches': 1, 'lengthInterval': (0.8, 2.65), 'widthInterval': (0.35, 0.61), 'flipParams': (1.0, 0), 'dataRotationParams': (360.0, 2.0), 'modulusOfElasticity': 1000000000.0, 'poissonRatio': 0.33, 'yieldStrength': 5000000.0, 'numPerturbations': 2, 'perturbProbability': 0.5, 'widthPerturb': (0.05, 0.05), 'vectorPerturb': (25.0, 1.5), 'terminalPerturb': (0.05, 0.1), 'numDisplacements': 2, 'percentYieldStrength': (0.0, 0.35), 'displaceProbability': 1.0, 'meshSize': 0.075, 'order': 1, 'seed': 0}",256,0.01,adam,reduce_lr_on_plateau,mae,75,"(0.7, 0.15, 0.15)",1,"[256, 128]",ReLU,ReLU,0.5641809801737467
"{'datasetSize': 100000, 'numBranches': 1, 'lengthInterval': (0.8, 2.65), 'widthInterval': (0.35, 0.61), 'flipParams': (1.0, 0), 'dataRotationParams': (360.0, 2.0), 'modulusOfElasticity': 1000000000.0, 'poissonRatio': 0.33, 'yieldStrength': 5000000.0, 'numPerturbations': 2, 'perturbProbability': 0.5, 'widthPerturb': (0.05, 0.05), 'vectorPerturb': (25.0, 1.5), 'terminalPerturb': (0.05, 0.1), 'numDisplacements': 2, 'percentYieldStrength': (0.0, 0.35), 'displaceProbability': 1.0, 'meshSize': 0.075, 'order': 1, 'seed': 0}",256,0.001,adam,reduce_lr_on_plateau,mse,75,"(0.7, 0.15, 0.15)",1,"[256, 128]",ReLU,ReLU,0.7667718872070313
"{'datasetSize': 100000, 'numBranches': 1, 'lengthInterval': (0.8, 2.65), 'widthInterval': (0.35, 0.61), 'flipParams': (1.0, 0), 'dataRotationParams': (360.0, 2.0), 'modulusOfElasticity': 1000000000.0, 'poissonRatio': 0.33, 'yieldStrength': 5000000.0, 'numPerturbations': 2, 'perturbProbability': 0.5, 'widthPerturb': (0.05, 0.05), 'vectorPerturb': (25.0, 1.5), 'terminalPerturb': (0.05, 0.1), 'numDisplacements': 2, 'percentYieldStrength': (0.0, 0.35), 'displaceProbability': 1.0, 'meshSize': 0.075, 'order': 1, 'seed': 0}",256,0.001,adam,reduce_lr_on_plateau,mae,75,"(0.7, 0.15, 0.15)",1,"[256, 128]",ReLU,ReLU,0.6727361068725586
"{'datasetSize': 100000, 'numBranches': 1, 'lengthInterval': (0.8, 2.65), 'widthInterval': (0.35, 0.61), 'flipParams': (1.0, 0), 'dataRotationParams': (360.0, 2.0), 'modulusOfElasticity': 1000000000.0, 'poissonRatio': 0.33, 'yieldStrength': 5000000.0, 'numPerturbations': 2, 'perturbProbability': 0.5, 'widthPerturb': (0.05, 0.05), 'vectorPerturb': (25.0, 1.5), 'terminalPerturb': (0.05, 0.1), 'numDisplacements': 2, 'percentYieldStrength': (0.0, 0.35), 'displaceProbability': 1.0, 'meshSize': 0.075, 'order': 1, 'seed': 0}",256,0.0001,adam,reduce_lr_on_plateau,mse,75,"(0.7, 0.15, 0.15)",1,"[256, 128]",ReLU,ReLU,70.9154748046875
"{'datasetSize': 100000, 'numBranches': 1, 'lengthInterval': (0.8, 2.65), 'widthInterval': (0.35, 0.61), 'flipParams': (1.0, 0), 'dataRotationParams': (360.0, 2.0), 'modulusOfElasticity': 1000000000.0, 'poissonRatio': 0.33, 'yieldStrength': 5000000.0, 'numPerturbations': 2, 'perturbProbability': 0.5, 'widthPerturb': (0.05, 0.05), 'vectorPerturb': (25.0, 1.5), 'terminalPerturb': (0.05, 0.1), 'numDisplacements': 2, 'percentYieldStrength': (0.0, 0.35), 'displaceProbability': 1.0, 'meshSize': 0.075, 'order': 1, 'seed': 0}",256,0.0001,adam,reduce_lr_on_plateau,mae,75,"(0.7, 0.15, 0.15)",1,"[256, 128]",ReLU,ReLU,2.4021995422363283
"{'datasetSize': 100000, 'numBranches': 1, 'lengthInterval': (0.8, 2.65), 'widthInterval': (0.35, 0.61), 'flipParams': (1.0, 0), 'dataRotationParams': (360.0, 2.0), 'modulusOfElasticity': 1000000000.0, 'poissonRatio': 0.33, 'yieldStrength': 5000000.0, 'numPerturbations': 2, 'perturbProbability': 0.5, 'widthPerturb': (0.05, 0.05), 'vectorPerturb': (25.0, 1.5), 'terminalPerturb': (0.05, 0.1), 'numDisplacements': 2, 'percentYieldStrength': (0.0, 0.35), 'displaceProbability': 1.0, 'meshSize': 0.075, 'order': 1, 'seed': 0}",256,0.01,adam,reduce_lr_on_plateau,mse,75,"(0.7, 0.15, 0.15)",1,"[256, 128]",ReLU,Softplus,0.5318420099894205
"{'datasetSize': 100000, 'numBranches': 1, 'lengthInterval': (0.8, 2.65), 'widthInterval': (0.35, 0.61), 'flipParams': (1.0, 0), 'dataRotationParams': (360.0, 2.0), 'modulusOfElasticity': 1000000000.0, 'poissonRatio': 0.33, 'yieldStrength': 5000000.0, 'numPerturbations': 2, 'perturbProbability': 0.5, 'widthPerturb': (0.05, 0.05), 'vectorPerturb': (25.0, 1.5), 'terminalPerturb': (0.05, 0.1), 'numDisplacements': 2, 'percentYieldStrength': (0.0, 0.35), 'displaceProbability': 1.0, 'meshSize': 0.075, 'order': 1, 'seed': 0}",256,0.01,adam,reduce_lr_on_plateau,mae,75,"(0.7, 0.15, 0.15)",1,"[256, 128]",ReLU,Softplus,0.5040603810628255
"{'datasetSize': 100000, 'numBranches': 1, 'lengthInterval': (0.8, 2.65), 'widthInterval': (0.35, 0.61), 'flipParams': (1.0, 0), 'dataRotationParams': (360.0, 2.0), 'modulusOfElasticity': 1000000000.0, 'poissonRatio': 0.33, 'yieldStrength': 5000000.0, 'numPerturbations': 2, 'perturbProbability': 0.5, 'widthPerturb': (0.05, 0.05), 'vectorPerturb': (25.0, 1.5), 'terminalPerturb': (0.05, 0.1), 'numDisplacements': 2, 'percentYieldStrength': (0.0, 0.35), 'displaceProbability': 1.0, 'meshSize': 0.075, 'order': 1, 'seed': 0}",256,0.001,adam,reduce_lr_on_plateau,mse,75,"(0.7, 0.15, 0.15)",1,"[256, 128]",ReLU,Softplus,0.784070133972168
"{'datasetSize': 100000, 'numBranches': 1, 'lengthInterval': (0.8, 2.65), 'widthInterval': (0.35, 0.61), 'flipParams': (1.0, 0), 'dataRotationParams': (360.0, 2.0), 'modulusOfElasticity': 1000000000.0, 'poissonRatio': 0.33, 'yieldStrength': 5000000.0, 'numPerturbations': 2, 'perturbProbability': 0.5, 'widthPerturb': (0.05, 0.05), 'vectorPerturb': (25.0, 1.5), 'terminalPerturb': (0.05, 0.1), 'numDisplacements': 2, 'percentYieldStrength': (0.0, 0.35), 'displaceProbability': 1.0, 'meshSize': 0.075, 'order': 1, 'seed': 0}",256,0.001,adam,reduce_lr_on_plateau,mae,75,"(0.7, 0.15, 0.15)",1,"[256, 128]",ReLU,Softplus,0.8205616236368816
"{'datasetSize': 100000, 'numBranches': 1, 'lengthInterval': (0.8, 2.65), 'widthInterval': (0.35, 0.61), 'flipParams': (1.0, 0), 'dataRotationParams': (360.0, 2.0), 'modulusOfElasticity': 1000000000.0, 'poissonRatio': 0.33, 'yieldStrength': 5000000.0, 'numPerturbations': 2, 'perturbProbability': 0.5, 'widthPerturb': (0.05, 0.05), 'vectorPerturb': (25.0, 1.5), 'terminalPerturb': (0.05, 0.1), 'numDisplacements': 2, 'percentYieldStrength': (0.0, 0.35), 'displaceProbability': 1.0, 'meshSize': 0.075, 'order': 1, 'seed': 0}",256,0.0001,adam,reduce_lr_on_plateau,mse,75,"(0.7, 0.15, 0.15)",1,"[256, 128]",ReLU,Softplus,2.186010228474935
"{'datasetSize': 100000, 'numBranches': 1, 'lengthInterval': (0.8, 2.65), 'widthInterval': (0.35, 0.61), 'flipParams': (1.0, 0), 'dataRotationParams': (360.0, 2.0), 'modulusOfElasticity': 1000000000.0, 'poissonRatio': 0.33, 'yieldStrength': 5000000.0, 'numPerturbations': 2, 'perturbProbability': 0.5, 'widthPerturb': (0.05, 0.05), 'vectorPerturb': (25.0, 1.5), 'terminalPerturb': (0.05, 0.1), 'numDisplacements': 2, 'percentYieldStrength': (0.0, 0.35), 'displaceProbability': 1.0, 'meshSize': 0.075, 'order': 1, 'seed': 0}",256,0.0001,adam,reduce_lr_on_plateau,mae,75,"(0.7, 0.15, 0.15)",1,"[256, 128]",ReLU,Softplus,2.739400614420573
"{'datasetSize': 100000, 'numBranches': 1, 'lengthInterval': (0.8, 2.65), 'widthInterval': (0.35, 0.61), 'flipParams': (1.0, 0), 'dataRotationParams': (360.0, 2.0), 'modulusOfElasticity': 1000000000.0, 'poissonRatio': 0.33, 'yieldStrength': 5000000.0, 'numPerturbations': 2, 'perturbProbability': 0.5, 'widthPerturb': (0.05, 0.05), 'vectorPerturb': (25.0, 1.5), 'terminalPerturb': (0.05, 0.1), 'numDisplacements': 2, 'percentYieldStrength': (0.0, 0.35), 'displaceProbability': 1.0, 'meshSize': 0.075, 'order': 1, 'seed': 0}",256,0.01,adam,reduce_lr_on_plateau,mse,75,"(0.7, 0.15, 0.15)",1,"[256, 128]",ReLU,Mish,0.6680255157470704
"{'datasetSize': 100000, 'numBranches': 1, 'lengthInterval': (0.8, 2.65), 'widthInterval': (0.35, 0.61), 'flipParams': (1.0, 0), 'dataRotationParams': (360.0, 2.0), 'modulusOfElasticity': 1000000000.0, 'poissonRatio': 0.33, 'yieldStrength': 5000000.0, 'numPerturbations': 2, 'perturbProbability': 0.5, 'widthPerturb': (0.05, 0.05), 'vectorPerturb': (25.0, 1.5), 'terminalPerturb': (0.05, 0.1), 'numDisplacements': 2, 'percentYieldStrength': (0.0, 0.35), 'displaceProbability': 1.0, 'meshSize': 0.075, 'order': 1, 'seed': 0}",256,0.01,adam,reduce_lr_on_plateau,mae,75,"(0.7, 0.15, 0.15)",1,"[256, 128]",ReLU,Mish,0.5013362665812174
"{'datasetSize': 100000, 'numBranches': 1, 'lengthInterval': (0.8, 2.65), 'widthInterval': (0.35, 0.61), 'flipParams': (1.0, 0), 'dataRotationParams': (360.0, 2.0), 'modulusOfElasticity': 1000000000.0, 'poissonRatio': 0.33, 'yieldStrength': 5000000.0, 'numPerturbations': 2, 'perturbProbability': 0.5, 'widthPerturb': (0.05, 0.05), 'vectorPerturb': (25.0, 1.5), 'terminalPerturb': (0.05, 0.1), 'numDisplacements': 2, 'percentYieldStrength': (0.0, 0.35), 'displaceProbability': 1.0, 'meshSize': 0.075, 'order': 1, 'seed': 0}",256,0.001,adam,reduce_lr_on_plateau,mse,75,"(0.7, 0.15, 0.15)",1,"[256, 128]",ReLU,Mish,0.7789227310180664
"{'datasetSize': 100000, 'numBranches': 1, 'lengthInterval': (0.8, 2.65), 'widthInterval': (0.35, 0.61), 'flipParams': (1.0, 0), 'dataRotationParams': (360.0, 2.0), 'modulusOfElasticity': 1000000000.0, 'poissonRatio': 0.33, 'yieldStrength': 5000000.0, 'numPerturbations': 2, 'perturbProbability': 0.5, 'widthPerturb': (0.05, 0.05), 'vectorPerturb': (25.0, 1.5), 'terminalPerturb': (0.05, 0.1), 'numDisplacements': 2, 'percentYieldStrength': (0.0, 0.35), 'displaceProbability': 1.0, 'meshSize': 0.075, 'order': 1, 'seed': 0}",256,0.001,adam,reduce_lr_on_plateau,mae,75,"(0.7, 0.15, 0.15)",1,"[256, 128]",ReLU,Mish,0.8191334373474121
"{'datasetSize': 100000, 'numBranches': 1, 'lengthInterval': (0.8, 2.65), 'widthInterval': (0.35, 0.61), 'flipParams': (1.0, 0), 'dataRotationParams': (360.0, 2.0), 'modulusOfElasticity': 1000000000.0, 'poissonRatio': 0.33, 'yieldStrength': 5000000.0, 'numPerturbations': 2, 'perturbProbability': 0.5, 'widthPerturb': (0.05, 0.05), 'vectorPerturb': (25.0, 1.5), 'terminalPerturb': (0.05, 0.1), 'numDisplacements': 2, 'percentYieldStrength': (0.0, 0.35), 'displaceProbability': 1.0, 'meshSize': 0.075, 'order': 1, 'seed': 0}",256,0.0001,adam,reduce_lr_on_plateau,mse,75,"(0.7, 0.15, 0.15)",1,"[256, 128]",ReLU,Mish,2.3018427622477216
"{'datasetSize': 100000, 'numBranches': 1, 'lengthInterval': (0.8, 2.65), 'widthInterval': (0.35, 0.61), 'flipParams': (1.0, 0), 'dataRotationParams': (360.0, 2.0), 'modulusOfElasticity': 1000000000.0, 'poissonRatio': 0.33, 'yieldStrength': 5000000.0, 'numPerturbations': 2, 'perturbProbability': 0.5, 'widthPerturb': (0.05, 0.05), 'vectorPerturb': (25.0, 1.5), 'terminalPerturb': (0.05, 0.1), 'numDisplacements': 2, 'percentYieldStrength': (0.0, 0.35), 'displaceProbability': 1.0, 'meshSize': 0.075, 'order': 1, 'seed': 0}",256,0.0001,adam,reduce_lr_on_plateau,mae,75,"(0.7, 0.15, 0.15)",1,"[256, 128]",ReLU,Mish,2.735641393025716
"{'datasetSize': 100000, 'numBranches': 1, 'lengthInterval': (0.8, 2.65), 'widthInterval': (0.35, 0.61), 'flipParams': (1.0, 0), 'dataRotationParams': (360.0, 2.0), 'modulusOfElasticity': 1000000000.0, 'poissonRatio': 0.33, 'yieldStrength': 5000000.0, 'numPerturbations': 2, 'perturbProbability': 0.5, 'widthPerturb': (0.05, 0.05), 'vectorPerturb': (25.0, 1.5), 'terminalPerturb': (0.05, 0.1), 'numDisplacements': 2, 'percentYieldStrength': (0.0, 0.35), 'displaceProbability': 1.0, 'meshSize': 0.075, 'order': 1, 'seed': 0}",256,0.01,adam,reduce_lr_on_plateau,mse,75,"(0.7, 0.15, 0.15)",1,"[256, 128]",LeakyReLU,ReLU,0.4986622723897298
"{'datasetSize': 100000, 'numBranches': 1, 'lengthInterval': (0.8, 2.65), 'widthInterval': (0.35, 0.61), 'flipParams': (1.0, 0), 'dataRotationParams': (360.0, 2.0), 'modulusOfElasticity': 1000000000.0, 'poissonRatio': 0.33, 'yieldStrength': 5000000.0, 'numPerturbations': 2, 'perturbProbability': 0.5, 'widthPerturb': (0.05, 0.05), 'vectorPerturb': (25.0, 1.5), 'terminalPerturb': (0.05, 0.1), 'numDisplacements': 2, 'percentYieldStrength': (0.0, 0.35), 'displaceProbability': 1.0, 'meshSize': 0.075, 'order': 1, 'seed': 0}",256,0.01,adam,reduce_lr_on_plateau,mae,75,"(0.7, 0.15, 0.15)",1,"[256, 128]",LeakyReLU,ReLU,0.6936702433268229
"{'datasetSize': 100000, 'numBranches': 1, 'lengthInterval': (0.8, 2.65), 'widthInterval': (0.35, 0.61), 'flipParams': (1.0, 0), 'dataRotationParams': (360.0, 2.0), 'modulusOfElasticity': 1000000000.0, 'poissonRatio': 0.33, 'yieldStrength': 5000000.0, 'numPerturbations': 2, 'perturbProbability': 0.5, 'widthPerturb': (0.05, 0.05), 'vectorPerturb': (25.0, 1.5), 'terminalPerturb': (0.05, 0.1), 'numDisplacements': 2, 'percentYieldStrength': (0.0, 0.35), 'displaceProbability': 1.0, 'meshSize': 0.075, 'order': 1, 'seed': 0}",256,0.001,adam,reduce_lr_on_plateau,mse,75,"(0.7, 0.15, 0.15)",1,"[256, 128]",LeakyReLU,ReLU,0.8991600438435873
"{'datasetSize': 100000, 'numBranches': 1, 'lengthInterval': (0.8, 2.65), 'widthInterval': (0.35, 0.61), 'flipParams': (1.0, 0), 'dataRotationParams': (360.0, 2.0), 'modulusOfElasticity': 1000000000.0, 'poissonRatio': 0.33, 'yieldStrength': 5000000.0, 'numPerturbations': 2, 'perturbProbability': 0.5, 'widthPerturb': (0.05, 0.05), 'vectorPerturb': (25.0, 1.5), 'terminalPerturb': (0.05, 0.1), 'numDisplacements': 2, 'percentYieldStrength': (0.0, 0.35), 'displaceProbability': 1.0, 'meshSize': 0.075, 'order': 1, 'seed': 0}",256,0.001,adam,reduce_lr_on_plateau,mae,75,"(0.7, 0.15, 0.15)",1,"[256, 128]",LeakyReLU,ReLU,70.9154748046875
"{'datasetSize': 100000, 'numBranches': 1, 'lengthInterval': (0.8, 2.65), 'widthInterval': (0.35, 0.61), 'flipParams': (1.0, 0), 'dataRotationParams': (360.0, 2.0), 'modulusOfElasticity': 1000000000.0, 'poissonRatio': 0.33, 'yieldStrength': 5000000.0, 'numPerturbations': 2, 'perturbProbability': 0.5, 'widthPerturb': (0.05, 0.05), 'vectorPerturb': (25.0, 1.5), 'terminalPerturb': (0.05, 0.1), 'numDisplacements': 2, 'percentYieldStrength': (0.0, 0.35), 'displaceProbability': 1.0, 'meshSize': 0.075, 'order': 1, 'seed': 0}",256,0.0001,adam,reduce_lr_on_plateau,mse,75,"(0.7, 0.15, 0.15)",1,"[256, 128]",LeakyReLU,ReLU,2.5594710439046224
"{'datasetSize': 100000, 'numBranches': 1, 'lengthInterval': (0.8, 2.65), 'widthInterval': (0.35, 0.61), 'flipParams': (1.0, 0), 'dataRotationParams': (360.0, 2.0), 'modulusOfElasticity': 1000000000.0, 'poissonRatio': 0.33, 'yieldStrength': 5000000.0, 'numPerturbations': 2, 'perturbProbability': 0.5, 'widthPerturb': (0.05, 0.05), 'vectorPerturb': (25.0, 1.5), 'terminalPerturb': (0.05, 0.1), 'numDisplacements': 2, 'percentYieldStrength': (0.0, 0.35), 'displaceProbability': 1.0, 'meshSize': 0.075, 'order': 1, 'seed': 0}",256,0.0001,adam,reduce_lr_on_plateau,mae,75,"(0.7, 0.15, 0.15)",1,"[256, 128]",LeakyReLU,ReLU,3.1511911326090494
"{'datasetSize': 100000, 'numBranches': 1, 'lengthInterval': (0.8, 2.65), 'widthInterval': (0.35, 0.61), 'flipParams': (1.0, 0), 'dataRotationParams': (360.0, 2.0), 'modulusOfElasticity': 1000000000.0, 'poissonRatio': 0.33, 'yieldStrength': 5000000.0, 'numPerturbations': 2, 'perturbProbability': 0.5, 'widthPerturb': (0.05, 0.05), 'vectorPerturb': (25.0, 1.5), 'terminalPerturb': (0.05, 0.1), 'numDisplacements': 2, 'percentYieldStrength': (0.0, 0.35), 'displaceProbability': 1.0, 'meshSize': 0.075, 'order': 1, 'seed': 0}",256,0.01,adam,reduce_lr_on_plateau,mse,75,"(0.7, 0.15, 0.15)",1,"[256, 128]",LeakyReLU,Softplus,0.46307464803059895
"{'datasetSize': 100000, 'numBranches': 1, 'lengthInterval': (0.8, 2.65), 'widthInterval': (0.35, 0.61), 'flipParams': (1.0, 0), 'dataRotationParams': (360.0, 2.0), 'modulusOfElasticity': 1000000000.0, 'poissonRatio': 0.33, 'yieldStrength': 5000000.0, 'numPerturbations': 2, 'perturbProbability': 0.5, 'widthPerturb': (0.05, 0.05), 'vectorPerturb': (25.0, 1.5), 'terminalPerturb': (0.05, 0.1), 'numDisplacements': 2, 'percentYieldStrength': (0.0, 0.35), 'displaceProbability': 1.0, 'meshSize': 0.075, 'order': 1, 'seed': 0}",256,0.01,adam,reduce_lr_on_plateau,mae,75,"(0.7, 0.15, 0.15)",1,"[256, 128]",LeakyReLU,Softplus,0.5254993069966634
"{'datasetSize': 100000, 'numBranches': 1, 'lengthInterval': (0.8, 2.65), 'widthInterval': (0.35, 0.61), 'flipParams': (1.0, 0), 'dataRotationParams': (360.0, 2.0), 'modulusOfElasticity': 1000000000.0, 'poissonRatio': 0.33, 'yieldStrength': 5000000.0, 'numPerturbations': 2, 'perturbProbability': 0.5, 'widthPerturb': (0.05, 0.05), 'vectorPerturb': (25.0, 1.5), 'terminalPerturb': (0.05, 0.1), 'numDisplacements': 2, 'percentYieldStrength': (0.0, 0.35), 'displaceProbability': 1.0, 'meshSize': 0.075, 'order': 1, 'seed': 0}",256,0.001,adam,reduce_lr_on_plateau,mse,75,"(0.7, 0.15, 0.15)",1,"[256, 128]",LeakyReLU,Softplus,0.8866571207682291
"{'datasetSize': 100000, 'numBranches': 1, 'lengthInterval': (0.8, 2.65), 'widthInterval': (0.35, 0.61), 'flipParams': (1.0, 0), 'dataRotationParams': (360.0, 2.0), 'modulusOfElasticity': 1000000000.0, 'poissonRatio': 0.33, 'yieldStrength': 5000000.0, 'numPerturbations': 2, 'perturbProbability': 0.5, 'widthPerturb': (0.05, 0.05), 'vectorPerturb': (25.0, 1.5), 'terminalPerturb': (0.05, 0.1), 'numDisplacements': 2, 'percentYieldStrength': (0.0, 0.35), 'displaceProbability': 1.0, 'meshSize': 0.075, 'order': 1, 'seed': 0}",256,0.001,adam,reduce_lr_on_plateau,mae,75,"(0.7, 0.15, 0.15)",1,"[256, 128]",LeakyReLU,Softplus,0.9790945500691732
"{'datasetSize': 100000, 'numBranches': 1, 'lengthInterval': (0.8, 2.65), 'widthInterval': (0.35, 0.61), 'flipParams': (1.0, 0), 'dataRotationParams': (360.0, 2.0), 'modulusOfElasticity': 1000000000.0, 'poissonRatio': 0.33, 'yieldStrength': 5000000.0, 'numPerturbations': 2, 'perturbProbability': 0.5, 'widthPerturb': (0.05, 0.05), 'vectorPerturb': (25.0, 1.5), 'terminalPerturb': (0.05, 0.1), 'numDisplacements': 2, 'percentYieldStrength': (0.0, 0.35), 'displaceProbability': 1.0, 'meshSize': 0.075, 'order': 1, 'seed': 0}",256,0.0001,adam,reduce_lr_on_plateau,mse,75,"(0.7, 0.15, 0.15)",1,"[256, 128]",LeakyReLU,Softplus,2.5444805674235025
"{'datasetSize': 100000, 'numBranches': 1, 'lengthInterval': (0.8, 2.65), 'widthInterval': (0.35, 0.61), 'flipParams': (1.0, 0), 'dataRotationParams': (360.0, 2.0), 'modulusOfElasticity': 1000000000.0, 'poissonRatio': 0.33, 'yieldStrength': 5000000.0, 'numPerturbations': 2, 'perturbProbability': 0.5, 'widthPerturb': (0.05, 0.05), 'vectorPerturb': (25.0, 1.5), 'terminalPerturb': (0.05, 0.1), 'numDisplacements': 2, 'percentYieldStrength': (0.0, 0.35), 'displaceProbability': 1.0, 'meshSize': 0.075, 'order': 1, 'seed': 0}",256,0.0001,adam,reduce_lr_on_plateau,mae,75,"(0.7, 0.15, 0.15)",1,"[256, 128]",LeakyReLU,Softplus,2.9925892283121747
"{'datasetSize': 100000, 'numBranches': 1, 'lengthInterval': (0.8, 2.65), 'widthInterval': (0.35, 0.61), 'flipParams': (1.0, 0), 'dataRotationParams': (360.0, 2.0), 'modulusOfElasticity': 1000000000.0, 'poissonRatio': 0.33, 'yieldStrength': 5000000.0, 'numPerturbations': 2, 'perturbProbability': 0.5, 'widthPerturb': (0.05, 0.05), 'vectorPerturb': (25.0, 1.5), 'terminalPerturb': (0.05, 0.1), 'numDisplacements': 2, 'percentYieldStrength': (0.0, 0.35), 'displaceProbability': 1.0, 'meshSize': 0.075, 'order': 1, 'seed': 0}",256,0.01,adam,reduce_lr_on_plateau,mse,75,"(0.7, 0.15, 0.15)",1,"[256, 128]",LeakyReLU,Mish,0.5701610184987386
"{'datasetSize': 100000, 'numBranches': 1, 'lengthInterval': (0.8, 2.65), 'widthInterval': (0.35, 0.61), 'flipParams': (1.0, 0), 'dataRotationParams': (360.0, 2.0), 'modulusOfElasticity': 1000000000.0, 'poissonRatio': 0.33, 'yieldStrength': 5000000.0, 'numPerturbations': 2, 'perturbProbability': 0.5, 'widthPerturb': (0.05, 0.05), 'vectorPerturb': (25.0, 1.5), 'terminalPerturb': (0.05, 0.1), 'numDisplacements': 2, 'percentYieldStrength': (0.0, 0.35), 'displaceProbability': 1.0, 'meshSize': 0.075, 'order': 1, 'seed': 0}",256,0.01,adam,reduce_lr_on_plateau,mae,75,"(0.7, 0.15, 0.15)",1,"[256, 128]",LeakyReLU,Mish,0.443222657140096
"{'datasetSize': 100000, 'numBranches': 1, 'lengthInterval': (0.8, 2.65), 'widthInterval': (0.35, 0.61), 'flipParams': (1.0, 0), 'dataRotationParams': (360.0, 2.0), 'modulusOfElasticity': 1000000000.0, 'poissonRatio': 0.33, 'yieldStrength': 5000000.0, 'numPerturbations': 2, 'perturbProbability': 0.5, 'widthPerturb': (0.05, 0.05), 'vectorPerturb': (25.0, 1.5), 'terminalPerturb': (0.05, 0.1), 'numDisplacements': 2, 'percentYieldStrength': (0.0, 0.35), 'displaceProbability': 1.0, 'meshSize': 0.075, 'order': 1, 'seed': 0}",256,0.001,adam,reduce_lr_on_plateau,mse,75,"(0.7, 0.15, 0.15)",1,"[256, 128]",LeakyReLU,Mish,0.8974714683532715
"{'datasetSize': 100000, 'numBranches': 1, 'lengthInterval': (0.8, 2.65), 'widthInterval': (0.35, 0.61), 'flipParams': (1.0, 0), 'dataRotationParams': (360.0, 2.0), 'modulusOfElasticity': 1000000000.0, 'poissonRatio': 0.33, 'yieldStrength': 5000000.0, 'numPerturbations': 2, 'perturbProbability': 0.5, 'widthPerturb': (0.05, 0.05), 'vectorPerturb': (25.0, 1.5), 'terminalPerturb': (0.05, 0.1), 'numDisplacements': 2, 'percentYieldStrength': (0.0, 0.35), 'displaceProbability': 1.0, 'meshSize': 0.075, 'order': 1, 'seed': 0}",256,0.001,adam,reduce_lr_on_plateau,mae,75,"(0.7, 0.15, 0.15)",1,"[256, 128]",LeakyReLU,Mish,0.6689398323059083
"{'datasetSize': 100000, 'numBranches': 1, 'lengthInterval': (0.8, 2.65), 'widthInterval': (0.35, 0.61), 'flipParams': (1.0, 0), 'dataRotationParams': (360.0, 2.0), 'modulusOfElasticity': 1000000000.0, 'poissonRatio': 0.33, 'yieldStrength': 5000000.0, 'numPerturbations': 2, 'perturbProbability': 0.5, 'widthPerturb': (0.05, 0.05), 'vectorPerturb': (25.0, 1.5), 'terminalPerturb': (0.05, 0.1), 'numDisplacements': 2, 'percentYieldStrength': (0.0, 0.35), 'displaceProbability': 1.0, 'meshSize': 0.075, 'order': 1, 'seed': 0}",256,0.0001,adam,reduce_lr_on_plateau,mse,75,"(0.7, 0.15, 0.15)",1,"[256, 128]",LeakyReLU,Mish,2.398111410522461
"{'datasetSize': 100000, 'numBranches': 1, 'lengthInterval': (0.8, 2.65), 'widthInterval': (0.35, 0.61), 'flipParams': (1.0, 0), 'dataRotationParams': (360.0, 2.0), 'modulusOfElasticity': 1000000000.0, 'poissonRatio': 0.33, 'yieldStrength': 5000000.0, 'numPerturbations': 2, 'perturbProbability': 0.5, 'widthPerturb': (0.05, 0.05), 'vectorPerturb': (25.0, 1.5), 'terminalPerturb': (0.05, 0.1), 'numDisplacements': 2, 'percentYieldStrength': (0.0, 0.35), 'displaceProbability': 1.0, 'meshSize': 0.075, 'order': 1, 'seed': 0}",256,0.0001,adam,reduce_lr_on_plateau,mae,75,"(0.7, 0.15, 0.15)",1,"[256, 128]",LeakyReLU,Mish,3.019985762532552
